,SP,SN,ACC,MCC,F1-Score
0,0.9969450101832994,0.8666666666666667,0.9930830039525692,0.8779284423936597,0.8813559322033899
